"종목번호","종목명"
"005930","삼성전자"
"000660","SK하이닉스"
"005935","삼성전자우"
"005380","현대차"
"015760","한국전력"
"035420","NAVER"
"028260","삼성물산"
"005490","POSCO"
"012330","현대모비스"
"055550","신한지주"
"032830","삼성생명"
"105560","KB금융"
"051910","LG화학"
"017670","SK텔레콤"
"090430","아모레퍼시픽"
"034730","SK"
"096770","SK이노베이션"
"000270","기아차"
"011170","롯데케미칼"
"033780","KT&G"
"051900","LG생활건강"
"000810","삼성화재"
"068270","셀트리온"
"207940","삼성바이오로직스"
"003550","LG"
"034220","LG디스플레이"
"009540","현대중공업"
"086790","하나금융지주"
"018260","삼성에스디에스"
"002790","아모레G"
"066570","LG전자"
"010950","S-Oil"
"010130","고려아연"
"000030","우리은행"
"006400","삼성SDI"
"004020","현대제철"
"030200","KT"
"161390","한국타이어"
"035250","강원랜드"
"024110","기업은행"
"023530","롯데쇼핑"
"036570","엔씨소프트"
"021240","코웨이"
"047810","한국항공우주"
"006800","미래에셋대우"
"139480","이마트"
"086280","현대글로비스"
"088350","한화생명"
"035720","카카오"
"001040","CJ"
"032640","LG유플러스"
"009240","한샘"
"000720","현대건설"
"004800","효성"
"078930","GS"
"097950","CJ제일제당"
"018880","한온시스템"
"029780","삼성카드"
"027410","BGF리테일"
"009830","한화케미칼"
"036460","한국가스공사"
"005830","동부화재"
"009150","삼성전기"
"010140","삼성중공업"
"007070","GS리테일"
"001800","오리온"
"241560","두산밥캣"
"002380","KCC"
"000120","CJ대한통운"
"005387","현대차2우B"
"008930","한미사이언스"
"130960","CJ E&M"
"004990","롯데제과"
"012630","현대산업"
"005940","NH투자증권"
"012750","에스원"
"128940","한미약품"
"034020","두산중공업"
"047050","포스코대우"
"042660","대우조선해양"
"000210","대림산업"
"138930","BNK금융지주"
"001450","현대해상"
"088980","맥쿼리인프라"
"000880","한화"
"011780","금호석유"
"071050","한국금융지주"
"026960","동서"
"016360","삼성증권"
"086900","메디톡스"
"028050","삼성엔지니어링"
"011070","LG이노텍"
"051600","한전KPS"
"204320","만도"
"007310","오뚜기"
"005385","현대차우"
"012450","한화테크윈"
"030000","제일기획"
"069960","현대백화점"
"000100","유한양행"
"047040","대우건설"
"000150","두산"
"004370","농심"
"010060","OCI"
"036490","SK머티리얼즈"
"028670","팬오션"
"006360","GS건설"
"006260","LS"
"000670","영풍"
"003490","대한항공"
"016170","로엔"
"000240","한국타이어월드와이드"
"090435","아모레퍼시픽우"
"006650","대한유화"
"120110","코오롱인더"
"042670","두산인프라코어"
"005300","롯데칠성"
"008560","메리츠종금증권"
"064350","현대로템"
"139130","DGB금융지주"
"041960","코미팜"
"084990","바이로메드"
"008770","호텔신라"
"011210","현대위아"
"001440","대한전선"
"004170","신세계"
"006280","녹십자"
"079160","CJ CGV"
"002550","KB손해보험"
"000060","메리츠화재"
"001740","SK네트웍스"
"005440","현대그린푸드"
"079550","LIG넥스원"
"138040","메리츠금융지주"
"039490","키움증권"
"014820","동원시스템즈"
"005610","SPC삼립"
"006120","SK케미칼"
"017800","현대엘리베이"
"011200","현대상선"
"000080","하이트진로"
"161890","한국콜마"
"051915","LG화학우"
"003520","영진약품"
"003690","코리안리"
"002350","넥센타이어"
"057050","현대홈쇼핑"
"073240","금호타이어"
"010780","아이에스동서"
"056190","에스에프에이"
"010120","LS산전"
"001120","LG상사"
"192400","쿠쿠전자"
"003410","쌍용양회"
"192820","코스맥스"
"034230","파라다이스"
"103140","풍산"
"114090","GKL"
"111770","영원무역"
"010620","현대미포조선"
"028150","GS홈쇼핑"
"011790","SKC"
"001230","동국제강"
"006040","동원산업"
"214320","이노션"
"078340","컴투스"
"051905","LG생활건강우"
"003240","태광산업"
"145020","휴젤"
"082640","동양생명"
"003620","쌍용차"
"181710","NHN엔터테인먼트"
"035760","CJ오쇼핑"
"005250","녹십자홀딩스"
"039030","이오테크닉스"
"071840","롯데하이마트"
"145990","삼양사"
"240810","원익IPS"
"018670","SK가스"
"185750","종근당"
"052690","한전기술"
"180640","한진칼"
"105630","한세실업"
"000070","삼양홀딩스"
"096530","씨젠"
"108670","LG하우시스"
"008000","도레이케미칼"
"046890","서울반도체"
"002620","제일약품"
"020560","아시아나항공"
"001430","세아베스틸"
"175330","JB금융지주"
"014680","한솔케미칼"
"022100","포스코 ICT"
"001680","대상"
"036830","솔브레인"
"108230","톱텍"
"002270","롯데푸드"
"001060","JW중외제약"
"085620","미래에셋생명"
"069260","휴켐스"
"237690","에스티팜"
"039130","하나투어"
"069620","대웅제약"
"023590","다우기술"
"003000","부광약품"
"102940","코오롱생명과학"
"049770","동원F&B"
"048260","오스템임플란트"
"081660","휠라코리아"
"020000","한섬"
"004000","롯데정밀화학"
"009970","영원무역홀딩스"
"053210","스카이라이프"
"071320","지역난방공사"
"000990","동부하이텍"
"000640","동아쏘시오홀딩스"
"005850","에스엘"
"115390","락앤락"
"170900","동아에스티"
"025540","한국단자"
"002240","고려제강"
"214370","케어젠"
"037560","CJ헬로비전"
"034830","한국토지신탁"
"007570","일양약품"
"003670","포스코켐텍"
"100120","뷰웍스"
"019680","대교"
"006840","AK홀딩스"
"095700","제넥신"
"068760","셀트리온제약"
"089590","제주항공"
"192080","더블유게임즈"
"054620","AP시스템"
"226320","잇츠스킨"
"002020","코오롱"
"123890","한국자산신탁"
"001520","동양"
"003470","유안타증권"
"012510","더존비즈온"
"060980","한라홀딩스"
"034310","NICE"
"053800","안랩"
"033920","무학"
"064960","S&T모티브"
"093370","후성"
"005180","빙그레"
"215600","신라젠"
"009450","경동나비엔"
"093050","LF"
"000370","한화손해보험"
"007340","동아타이어"
"009420","한올바이오파마"
"085660","차바이오텍"
"003030","세아제강"
"098460","고영"
"005990","매일유업"
"058470","리노공업"
"006060","화승인더"
"000815","삼성화재우"
"091700","파트론"
"222040","뉴트리바이오텍"
"069080","웹젠"
"003540","대신증권"
"020150","일진머티리얼즈"
"237880","클리오"
"101530","해태제과식품"
"003300","한일시멘트"
"002960","한국쉘석유"
"036930","주성엔지니어링"
"017810","풀무원"
"192530","광주은행"
"072710","농심홀딩스"
"006730","서부T&D"
"003920","남양유업"
"031440","신세계푸드"
"039840","디오"
"021960","KB캐피탈"
"029530","신도리코"
"028300","에이치엘비"
"138250","엔에스쇼핑"
"041510","에스엠"
"025980","에머슨퍼시픽"
"051370","인터플렉스"
"108320","실리콘웍스"
"043150","바텍"
"058650","세아홀딩스"
"001720","신영증권"
"003090","대웅"
"200130","콜마비앤에이치"
"053030","바이넥스"
"004490","세방전지"
"005740","크라운제과"
"023890","아트라스BX"
"086450","동국제약"
"005290","동진쎄미켐"
"036420","제이콘텐트리"
"029460","케이씨텍"
"025900","동화기업"
"006390","현대시멘트"
"096760","JW홀딩스"
"066575","LG전자우"
"034120","SBS"
"064240","홈캐스트"
"032190","다우데이타"
"095610","테스"
"030530","원익홀딩스"
"126560","현대에이치씨엔"
"003850","보령제약"
"044490","태웅"
"065620","제낙스"
"122870","와이지엔터테인먼트"
"178920","SKC코오롱PI"
"015750","성우하이텍"
"025860","남해화학"
"005500","삼진제약"
"031430","신세계인터내셔날"
"210980","SK디앤디"
"005880","대한해운"
"206640","바디텍메드"
"051500","CJ프레시웨이"
"009290","광동제약"
"064760","티씨케이"
"036580","팜스코"
"024720","한국콜마홀딩스"
"083790","크리스탈"
"025770","한국정보통신"
"048530","인트론바이오"
"078160","메디포스트"
"078020","이베스트투자증권"
"030190","NICE평가정보"
"001780","알루코"
"213500","한솔제지"
"008490","서흥"
"119610","인터로조"
"112040","위메이드"
"004430","송원산업"
"241590","화승엔터프라이즈"
"017940","E1"
"008060","대덕전자"
"070960","용평리조트"
"005720","넥센"
"003530","한화투자증권"
"080160","모두투어"
"014830","유니드"
"017390","서울가스"
"079430","현대리바트"
"115960","연우"
"004690","삼천리"
"009410","태영건설"
"215000","골프존"
"200880","서연이화"
"099190","아이센스"
"104830","원익머트리얼즈"
"065160","에프티이앤이"
"033660","아주캐피탈"
"037710","광주신세계"
"016450","한세예스24홀딩스"
"042700","한미반도체"
"000050","경방"
"122900","아이마켓코리아"
"067080","대화제약"
"084370","유진테크"
"082270","젬백스"
"005810","풍산홀딩스"
"025620","제이준"
"015350","부산가스"
"101060","SBS미디어홀딩스"
"092040","아미코젠"
"00088K","한화3우B"
"030520","한글과컴퓨터"
"161000","애경유화"
"013120","동원개발"
"066970","엘앤에프"
"016800","퍼시스"
"078150","HB테크놀러지"
"115450","지트리비앤티"
"182400","에이티젠"
"036540","SFA반도체"
"080420","모다이노칩"
"214420","토니모리"
"102460","이연제약"
"084690","대상홀딩스"
"024660","하림홀딩스"
"016250","이테크건설"
"001510","SK증권"
"900140","코라오홀딩스"
"094800","맵스리얼티1"
"003220","대원제약"
"038540","텍셀네트컴"
"002795","아모레G우"
"007160","사조산업"
"089140","넥스턴"
"088390","이녹스"
"016380","동부제철"
"107590","미원에스씨"
"023410","유진기업"
"086980","쇼박스"
"008730","율촌화학"
"249420","일동제약"
"090470","제이스텍"
"011930","신성솔라에너지"
"214450","파마리서치프로덕트"
"001725","신영증권우"
"032350","롯데관광개발"
"003800","에이스침대"
"058820","CMG제약"
"000480","조선내화"
"038500","동양시멘트"
"004710","한솔테크닉스"
"033240","자화전자"
"104700","한국철강"
"002990","금호산업"
"005090","삼광글라스"
"016100","리더스코스메틱"
"002320","한진"
"000400","롯데손해보험"
"085370","루트로닉"
"003230","삼양식품"
"049960","쎌바이오텍"
"003120","일성신약"
"097230","한진중공업"
"192440","슈피겐코리아"
"001130","대한제분"
"243070","휴온스"
"007700","F&F"
"241710","코스메카코리아"
"041140","넥슨지티"
"006380","카프로"
"095720","웅진씽크빅"
"010050","우리종금"
"041830","인바디"
"152330","코리아오토글라스"
"089600","나스미디어"
"225530","보광산업"
"035810","이지바이오"
"213420","덕산네오룩스"
"007810","코리아써키트"
"214390","경보제약"
"025000","KPX케미칼"
"044820","코스맥스비티아이"
"007690","국도화학"
"228850","레이언스"
"141080","레고켐바이오"
"063080","게임빌"
"031390","녹십자셀"
"900290","GRT"
"009680","모토닉"
"171120","라이온켐텍"
"108790","인터파크"
"168330","내츄럴엔도텍"
"100130","동국S&C"
"035600","KG이니시스"
"003570","S&T중공업"
"000155","두산우"
"123100","테라세미콘"
"002810","삼영무역"
"121440","골프존유원홀딩스"
"003060","슈넬생명과학"
"001630","종근당홀딩스"
"003200","일신방직"
"004360","세방"
"030610","교보증권"
"004150","한솔홀딩스"
"001500","HMC투자증권"
"102710","이엔에프테크놀로지"
"122990","와이솔"
"033290","코웰패션"
"201490","미투온"
"115160","휴맥스"
"011760","현대상사"
"054950","제이브이엠"
"014620","성광벤드"
"057500","SKC 솔믹스"
"019170","신풍제약"
"112610","씨에스윈드"
"079980","휴비스"
"016580","환인제약"
"003280","흥아해운"
"078520","에이블씨엔씨"
"065060","지엔코"
"017960","한국카본"
"035080","인터파크홀딩스"
"036630","세종텔레콤"
"090460","비에이치"
"002390","한독"
"193250","와이제이엠게임즈"
"002780","진흥기업"
"000250","삼천당제약"
"005690","파미셀"
"038290","마크로젠"
"036800","나이스정보통신"
"033270","유나이티드제약"
"084110","휴온스글로벌"
"031980","피에스케이"
"144510","녹십자랩셀"
"015860","일진홀딩스"
"067290","JW신약"
"102260","동성코퍼레이션"
"068240","다원시스"
"012690","모나리자"
"089470","현대EP"
"004700","조광피혁"
"002000","한국유리"
"092230","KPX홀딩스"
"013030","하이록코리아"
"004130","대덕GDS"
"002250","알보젠코리아"
"043370","평화정공"
"002630","오리엔트바이오"
"074430","아미노로직스"
"000430","대원강업"
"141000","비아트론"
"000140","하이트진로홀딩스"
"001250","GS글로벌"
"136480","하림"
"109960","에이프로젠 H&G"
"087010","펩트론"
"012320","경동가스"
"183490","엔지켐생명과학"
"036530","S&T홀딩스"
"160550","NEW"
"060720","KH바텍"
"004970","신라교역"
"040910","아이씨디"
"003560","IHQ"
"001200","유진투자증권"
"007210","벽산"
"007390","네이처셀"
"088130","동아엘텍"
"222800","심텍"
"007820","에스엠코어"
"114570","지스마트글로벌"
"078070","유비쿼스"
"036030","KTH"
"052260","SK바이오랜드"
"900300","오가닉티코스메틱"
"013990","아가방컴퍼니"
"200230","텔콘"
"054670","대한뉴팜"
"067390","아스트"
"007860","서연"
"005950","이수화학"
"114120","크루셜텍"
"009580","무림P&P"
"123690","한국화장품"
"136490","선진"
"023160","태광"
"095570","AJ네트웍스"
"095660","네오위즈게임즈"
"000680","LS네트웍스"
"084010","대한제강"
"004060","SG세계물산"
"138490","코오롱플라스틱"
"060250","NHN한국사이버결제"
"049180","셀루메드"
"200670","휴메딕스"
"004440","대림씨엔에스"
"039570","아이콘트롤스"
"068790","DMS"
"000540","흥국화재"
"089030","테크윙"
"001880","삼호"
"086520","에코프로"
"005680","삼영전자"
"011160","두산건설"
"183190","아세아시멘트"
"109610","에스와이패널"
"000860","강남제비스코"
"001460","BYC"
"011040","경동제약"
"067160","아프리카TV"
"234080","JW생명과학"
"067000","조이시티"
"067280","멀티캠퍼스"
"004250","NPC"
"082920","비츠로셀"
"074600","원익QnC"
"195870","해성디에스"
"010690","화신"
"900260","로스웰"
"000020","동화약품"
"060300","레드로버"
"082740","두산엔진"
"060150","인선이엔티"
"005160","동국산업"
"052330","코텍"
"115180","큐리언트"
"086390","유니테스트"
"102280","쌍방울"
"018120","진로발효"
"010955","S-Oil우"
"054050","농우바이오"
"052710","아모텍"
"027050","코리아나"
"015360","예스코"
"143210","핸즈코퍼레이션"
"143240","사람인에이치알"
"097955","CJ제일제당 우"
"052420","오성엘에스티"
"011370","서한"
"019210","와이지-원"
"064260","다날"
"137940","넥스트아이"
"000970","한국주철관"
"001940","KISCO홀딩스"
"033160","엠케이전자"
"000390","삼화페인트"
"001380","SG충방"
"011280","태림포장"
"036190","금화피에스시"
"018310","삼목에스폼"
"100220","비상교육"
"002030","아세아"
"013520","화승알앤에이"
"000180","성창기업지주"
"061460","한진피앤씨"
"040350","큐로컴"
"033640","네패스"
"217270","넵튠"
"005389","현대차3우B"
"900250","크리스탈신소재"
"095340","ISC"
"035890","서희건설"
"004380","삼익THK"
"900120","씨케이에이치"
"004540","깨끗한나라"
"900270","헝셩그룹"
"037950","엘컴텍"
"067830","세이브존I&C"
"238090","앤디포스"
"003070","코오롱글로벌"
"168490","한국패러랠"
"033560","블루콤"
"011690","유양디앤유"
"114810","아이원스"
"007660","이수페타시스"
"005960","동부건설"
"035150","백산"
"044450","KSS해운"
"027390","한화갤러리아타임월드"
"025560","미래산업"
"093920","서원인텍"
"096630","에스코넥"
"004840","DRB동일"
"001790","대한제당"
"215360","우리산업"
"123420","선데이토즈"
"053300","한국정보인증"
"049950","미래컴퍼니"
"014470","부방"
"084680","이월드"
"004560","현대비앤지스틸"
"003545","대신증권우"
"950140","잉글우드랩(Reg.S)"
"001270","부국증권"
"203690","프로스테믹스"
"000320","노루홀딩스"
"069110","코스온"
"041440","에버다임"
"012610","경인양행"
"084870","TBH글로벌"
"004890","동일산업"
"111110","호전실업"
"191420","테고사이언스"
"095270","웨이브일렉트로"
"214180","민앤지"
"046210","파나진"
"117930","한진해운"
"002450","삼익악기"
"013570","디와이"
"033530","세종공업"
"002840","미원상사"
"194370","제이에스코퍼레이션"
"045100","한양이엔지"
"021320","KCC건설"
"034950","한국기업평가"
"005870","휴니드"
"066980","브레인콘텐츠"
"068400","AJ렌터카"
"031330","에스에이엠티"
"077360","덕산하이메탈"
"229640","LS전선아시아"
"220630","해마로푸드서비스"
"014280","금강공업"
"030210","KTB투자증권"
"005980","성지건설"
"035620","바른손이앤에이"
"092200","디아이씨"
"002310","아세아제지"
"118000","우리들휴브레인"
"038060","루멘스"
"097520","엠씨넥스"
"008600","윌비스"
"052790","액토즈소프트"
"230360","에코마케팅"
"054780","키이스트"
"020760","일진디스플"
"069730","DSR제강"
"019440","세아특수강"
"079370","제우스"
"100250","진양홀딩스"
"033500","동성화인텍"
"060240","룽투코리아"
"021820","세원정공"
"016880","웅진"
"196170","알테오젠"
"065680","우주일렉트로"
"023430","아이이"
"144960","뉴파워프라즈마"
"005390","신성통상"
"012700","리드코프"
"086960","MDS테크"
"103590","일진전기"
"104480","티케이케미칼"
"111820","처음앤씨"
"058430","포스코강판"
"002360","SH에너지화학"
"205500","액션스퀘어"
"008290","원풍물산"
"000700","유수홀딩스"
"011000","진원생명과학"
"077500","유니퀘스트"
"053450","세코닉스"
"060560","홈센타홀딩스"
"092730","네오팜"
"102120","어보브반도체"
"046140","SBS콘텐츠허브"
"036200","유니셈"
"117580","대성에너지"
"010820","퍼스텍"
"024950","삼천리자전거"
"077970","STX엔진"
"004720","우리들제약"
"199800","툴젠"
"049070","인탑스"
"002900","동양물산"
"046440","KG모빌리언스"
"096690","제이스테판"
"003460","유화증권"
"017890","한국알콜"
"009440","KC그린홀딩스"
"014200","광림"
"071200","인피니트헬스케어"
"007720","대명코퍼레이션"
"012200","계양전기"
"023910","대한약품"
"060590","씨티씨바이오"
"155660","DSR"
"063170","서울옥션"
"190510","나무가"
"100700","세운메디칼"
"140070","서플러스글로벌"
"091090","세원셀론텍"
"002140","고려산업"
"036890","진성티이씨"
"004980","성신양회"
"005710","대원산업"
"005800","신영와코루"
"000490","대동공업"
"151910","나노스"
"001045","CJ우"
"007980","태평양물산"
"066700","테라젠이텍스"
"092070","디엔에프"
"039200","오스코텍"
"069640","엠케이트렌드"
"206560","덱스터"
"035900","JYP Ent."
"140410","메지온"
"166480","코아스템"
"014100","보령메디앙스"
"002460","화성산업"
"090350","노루페인트"
"006220","제주은행"
"083310","엘오티베큠"
"001390","KG케미칼"
"003650","미창석유"
"043290","케이맥"
"097780","에스맥"
"063570","한국전자금융"
"038880","아이에이"
"052400","코나아이"
"002300","한국제지"
"001360","삼성제약"
"080000","에스엔유"
"900040","차이나그레이트"
"034300","신세계건설"
"101330","모베이스"
"195990","유지인트"
"042040","케이피엠테크"
"086890","이수앱지스"
"016090","대현"
"096640","멜파스"
"000230","일동홀딩스"
"054800","아이디스홀딩스"
"015710","코콤"
"187420","제노포커스"
"002170","삼양통상"
"065510","휴비츠"
"900280","골든센츄리"
"083650","비에이치아이"
"194480","데브시스터즈"
"950130","엑세스바이오"
"014790","한라"
"048870","코아로직"
"002150","도화엔지니어링"
"149940","모다정보통신"
"130660","한전산업"
"900100","뉴프라이드"
"012170","키위미디어그룹"
"072020","중앙백신"
"016610","동부증권"
"134380","미원화학"
"104200","벅스"
"016710","대성홀딩스"
"075180","새론오토모티브"
"228340","동양파일"
"006490","인스코비"
"065150","MPK"
"121600","나노신소재"
"018700","바른손"
"004960","한신공영"
"004770","써니전자"
"094480","갤럭시아컴즈"
"061970","엘비세미콘"
"001540","안국약품"
"042520","한스바이오메드"
"053980","오상자이엘"
"079950","인베니아"
"095500","미래나노텍"
"038390","레드캡투어"
"052020","에스티큐브"
"108380","대양전기공업"
"047770","코데즈컴바인"
"006370","대구백화점"
"248170","샘표식품"
"065660","안트로젠"
"050110","캠시스"
"004650","창해에탄올"
"078890","가온미디어"
"026040","제이에스티나"
"047080","한빛소프트"
"042420","네오위즈홀딩스"
"092130","이크레더블"
"200780","비씨월드제약"
"026890","디피씨"
"032500","케이엠더블유"
"091120","이엠텍"
"100840","S&TC"
"029960","코엔텍"
"036560","영풍정밀"
"217730","강스템바이오텍"
"023000","삼원강재"
"02826K","삼성물산우B"
"048550","SM C&C"
"071055","한국금융지주우"
"002880","대유에이텍"
"012030","동부"
"017250","인터엠"
"012160","영흥철강"
"024090","디씨엠"
"006910","보성파워텍"
"143540","영우디에스피"
"032620","유비케어"
"072870","메가스터디"
"041460","한국전자인증"
"239610","에이치엘사이언스"
"035610","솔본"
"111870","삼본정밀전자"
"015890","태경산업"
"053350","이니텍"
"073560","우리손에프앤지"
"003160","디아이"
"043610","KT뮤직"
"008350","남선알미늄"
"159580","제로투세븐"
"037270","YG PLUS"
"101490","에스앤에스텍"
"000040","KR모터스"
"227840","현대씨앤에프"
"221840","하이즈항공"
"003830","대한화섬"
"043580","에임하이"
"041650","상신브레이크"
"092440","기신정기"
"044340","위닉스"
"034810","해성산업"
"039440","에스티아이"
"067630","에이치엘비생명과학"
"011810","STX"
"051360","토비스"
"192250","케이사인"
"048410","현대아이비티"
"001530","동일방직"
"064520","바른전자"
"082210","옵트론텍"
"067310","하나마이크론"
"214430","아이쓰리시스템"
"060280","큐렉소"
"065940","케이에스씨비"
"123860","아나패스"
"047310","파워로직스"
"011090","에넥스"
"039560","다산네트웍스"
"020710","시공테크"
"006090","사조오양"
"140860","파크시스템스"
"131030","디에이치피코리아"
"085310","엔케이"
"900180","완리"
"204990","현성바이탈"
"136540","윈스"
"236200","슈프리마"
"152550","한국ANKOR유전"
"003480","한진중공업홀딩스"
"041590","젬백스테크놀러지"
"045390","대아티아이"
"058400","KNN"
"003350","한국화장품제조"
"009160","SIMPAC"
"034590","인천도시가스"
"009300","삼아제약"
"000650","천일고속"
"023760","한국캐피탈"
"133750","메가엠디"
"035000","지투알"
"033170","시그네틱스"
"066910","손오공"
"005430","한국공항"
"067370","선바이오"
"039980","리노스"
"094280","효성ITX"
"002700","신일산업"
"002820","선창산업"
"004310","현대약품"
"083930","아바코"
"024800","유성티엔에스"
"003555","LG우"
"123410","코리아에프티"
"204630","화이브라더스"
"163560","동일고무벨트"
"004910","조광페인트"
"005945","NH투자증권우"
"001020","페이퍼코리아"
"058530","이큐스앤자루"
"078140","대봉엘에스"
"013310","아진산업"
"226350","아이엠텍"
"067170","오텍"
"009310","참엔지니어링"
"104540","코렌텍"
"087600","픽셀플러스"
"099320","쎄트렉아이"
"090360","로보스타"
"004870","티웨이홀딩스"
"005750","대림B&Co"
"900050","중국원양자원"
"126600","코프라"
"056700","신화인터텍"
"040610","SG&G"
"014710","사조씨푸드"
"017900","광전자"
"003310","대주산업"
"211270","AP위성"
"067990","도이치모터스"
"022220","정산애강"
"138690","엘아이에스"
"222110","팬젠"
"900080","에스앤씨엔진그룹"
"025750","한솔홈데코"
"002100","경농"
"151860","KG ETS"
"043650","국순당"
"058860","케이티스"
"072470","우리산업홀딩스"
"049520","유아이엘"
"049480","오픈베이스"
"034940","조아제약"
"011150","CJ씨푸드"
"017040","광명전기"
"032560","황금에스티"
"065650","메디프론"
"101170","우림기계"
"043100","솔고바이오"
"069510","에스텍"
"047400","쌍용머티리얼"
"094850","참좋은레져"
"206650","유바이오로직스"
"053590","한국테크놀로지"
"003100","선광"
"027710","팜스토리"
"093190","빅솔론"
"018500","동원금속"
"079650","서산"
"066620","국보디자인"
"035510","신세계 I&C"
"066270","SK컴즈"
"040420","정상제이엘에스"
"064800","필링크"
"222420","쎄노텍"
"189300","인텔리안테크"
"122640","예스티"
"041920","메디아나"
"009520","포스코엠텍"
"013580","계룡건설"
"015260","에이엔피"
"019660","글로본"
"024810","이화전기"
"033320","제이씨현시스템"
"208640","썸에이지"
"003080","성보화학"
"039860","나노엔텍"
"068330","일신바이오"
"216050","인크로스"
"194510","파티게임즈"
"126700","하이비젼시스템"
"089980","상아프론테크"
"155650","와이엠씨"
"131370","알서포트"
"066110","한프"
"096240","청담러닝"
"068290","삼성출판사"
"020180","대신정보통신"
"112240","에스에프씨"
"075580","세진중공업"
"041520","이라이콤"
"004200","고려개발"
"026180","현대정보기술"
"054210","이랜텍"
"016670","포비스티앤씨"
"064550","바이오니아"
"036000","예림당"
"025440","대성엘텍"
"117670","알파홀딩스"
"099660","한솔신텍"
"067570","엔브이에이치코리아"
"100090","삼강엠앤티"
"002920","유성기업"
"058850","KTcs"
"038870","에코바이오"
"017180","명문제약"
"233990","하우동천"
"000850","화천기공"
"000890","보해양조"
"147760","마이크로프랜드"
"215200","메가스터디교육"
"065130","탑엔지니어링"
"014530","극동유화"
"061040","알에프텍"
"002600","조흥"
"103130","웅진에너지"
"040160","누리텔레콤"
"058610","에스피지"
"060310","3S"
"036710","심텍홀딩스"
"042370","비츠로테크"
"241790","오션브릿지"
"234920","자이글"
"046070","코다코"
"063160","종근당바이오"
"009200","무림페이퍼"
"205100","엑셈"
"039290","인포뱅크"
"009270","신원"
"131290","티에스이"
"241690","유니테크노"
"037460","삼지전자"
"009770","삼정펄프"
"004780","대륙제관"
"096775","SK이노베이션우"
"018470","조일알미늄"
"003960","사조대림"
"000215","대림산업우"
"066900","디에이피"
"054450","텔레칩스"
"069920","아이에스이커머스"
"009780","엠에스씨"
"173940","에프엔씨엔터"
"053610","프로텍"
"005010","휴스틸"
"900070","글로벌에스엠"
"089230","THE E&M"
"122450","KMH"
"028100","동아지질"
"160600","에스엔텍"
"033130","디지틀조선"
"078000","텔코웨어"
"039830","오로라"
"091970","나노캠텍"
"007110","일신석재"
"037350","성도이엔지"
"007540","샘표"
"056090","유앤아이"
"225650","쿠첸"
"049430","코메론"
"128820","대성산업"
"071460","대유위니아"
"131760","파인텍"
"071280","로체시스템즈"
"225330","씨엠에스에듀"
"014160","대영포장"
"001820","삼화콘덴서"
"046310","백금T&A"
"061250","화일약품"
"045970","코아시아홀딩스"
"008260","NI스틸"
"053690","한미글로벌"
"033110","이디"
"008970","동양철관"
"049470","SGA"
"040300","YTN"
"080520","오디텍"
"206400","엔터메이트"
"060570","아이리버"
"084730","팅크웨어"
"014970","삼륭물산"
"131970","테스나"
"009070","KCTC"
"053620","태양"
"149950","아바텍"
"006980","우성사료"
"079960","동양이엔피"
"017550","수산중공업"
"041910","에스텍파마"
"160980","싸이맥스"
"001570","금양"
"024890","대원화성"
"008250","이건산업"
"060370","KT서브마린"
"035480","마제스타"
"143160","아이디스"
"008040","사조동아원"
"058630","엠게임"
"109740","디에스케이"
"224060","코디엠"
"144620","코오롱머티리얼"
"012790","신일제약"
"043200","파루"
"023600","삼보판지"
"025320","시노펙스"
"187220","디티앤씨"
"048430","유라테크"
"008870","금비"
"036010","아비코전자"
"057540","옴니시스템"
"127710","아시아경제"
"021080","에이티넘인베스트"
"019685","대교우B"
"088910","동우"
"053280","예스24"
"033180","필룩스"
"030960","양지사"
"002230","피에스텍"
"060260","뉴보텍"
"142280","녹십자엠에스"
"005190","동성화학"
"030350","드래곤플라이"
"137950","제이씨케미칼"
"185490","아이진"
"210540","디와이파워"
"105840","우진"
"069410","엔텔스"
"004080","신흥"
"016590","신대양제지"
"129260","인터지스"
"123840","한일진공"
"133820","화인베스틸"
"106190","하이텍팜"
"106240","파인테크닉스"
"004450","삼화왕관"
"042110","에스씨디"
"170920","엘티씨"
"014440","영보화학"
"001340","백광산업"
"079660","사조해표"
"011500","한농화성"
"014990","인디에프"
"122350","삼기오토모티브"
"025820","이구산업"
"038680","에스넷"
"093240","형지엘리트"
"013870","지엠비코리아"
"084670","동양고속"
"006660","삼성공조"
"000500","가온전선"
"119860","다나와"
"000590","CS홀딩스"
"008800","행남생활건강"
"058730","동아에스텍"
"049080","기가레인"
"108860","셀바스AI"
"180400","엠지메드"
"178780","유테크"
"003610","방림"
"019770","서연탑메탈"
"123700","SJM"
"094360","칩스앤미디어"
"216280","원텍"
"005110","한창"
"007590","동방아그로"
"043710","서울리거"
"059210","메타바이오메드"
"080220","제주반도체"
"052300","W홀딩컴퍼니"
"001750","한양증권"
"104040","대성파인텍"
"001070","대한방직"
"099440","스맥"
"095910","에스에너지"
"207760","미스터블루"
"019550","SBI인베스트먼트"
"038620","위즈코프"
"036670","KCI"
"038160","팍스넷"
"222080","씨아이에스"
"015230","대창단조"
"216400","바이오코아"
"039340","한국경제TV"
"059090","미코"
"031510","오스템"
"081000","일진다이아"
"208370","셀바스헬스케어"
"027580","상보"
"006405","삼성SDI우"
"214270","퓨쳐스트림네트웍스"
"048910","대원미디어"
"189980","흥국에프엔비"
"057030","와이비엠넷"
"078860","아이오케이"
"095190","이엠코리아"
"092220","KEC"
"005360","모나미"
"083420","KPX그린케미칼"
"056080","유진로봇"
"079970","투비소프트"
"196490","디에이테크놀로지"
"012800","대창"
"054040","한국컴퓨터"
"161570","미동앤씨네마"
"019540","일지테크"
"120030","조선선재"
"149980","하이로닉"
"047820","초록뱀"
"071670","에이테크솔루션"
"101390","아이엠"
"123330","제닉"
"023450","동남합성"
"068150","케이엔씨글로벌"
"018290","지엠피"
"085810","알티캐스트"
"011700","한신기계"
"050890","쏠리드"
"043090","팜스웰바이오"
"092460","한라IMS"
"023900","풍국주정"
"066410","캔들미디어"
"001620","동국실업"
"049630","재영솔루텍"
"088800","에이스테크"
"068930","디지털대성"
"120115","코오롱인더우"
"000300","대유플러스"
"027740","마니커"
"063760","이엘피"
"950110","SBI액시즈"
"006340","대원전선"
"039230","폭스브레인"
"032850","비트컴퓨터"
"010960","삼호개발"
"010280","쌍용정보통신"
"066590","우수AMS"
"052220","iMBC"
"002210","동성제약"
"130580","나이스디앤비"
"076610","해성옵틱스"
"084180","수성"
"079940","가비아"
"027830","대성창투"
"083470","KJ프리텍"
"032790","엠젠플러스"
"007330","푸른저축은행"
"223310","이에스브이"
"054540","삼영엠텍"
"012280","영화금속"
"011785","금호석유우"
"064480","브리지텍"
"006570","대림통상"
"084650","랩지노믹스"
"008700","아남전자"
"138080","오이솔루션"
"156100","엘앤케이바이오"
"050540","엠피씨"
"024910","경창산업"
"047560","이스트소프트"
"048770","TPC"
"014940","오리엔탈정공"
"900090","차이나하오란"
"065950","웰크론"
"028080","휴맥스홀딩스"
"142210","유니트론텍"
"036180","영인프런티어"
"086040","바이오톡스텍"
"065450","빅텍"
"036090","위지트"
"033540","파라텍"
"014580","백광소재"
"073110","엘엠에스"
"155960","지디"
"092870","엑시콘"
"092600","넥스트칩"
"114630","우노앤컴퍼니"
"043220","에이치엘비파워"
"018000","유니슨"
"059100","아이컴포넌트"
"044380","주연테크"
"094840","슈프리마에이치큐"
"214310","세미콘라이트"
"006805","미래에셋대우우"
"229500","노브메타파마"
"024120","KB오토시스"
"005305","롯데칠성우"
"142760","바이오리더스"
"089010","켐트로닉스"
"121800","세븐스타웍스"
"017680","데코앤이"
"016740","두올"
"038460","바이오스마트"
"014130","한익스프레스"
"066790","씨씨에스"
"042510","라온시큐어"
"012860","서연전자"
"037760","쎄니트"
"001080","만호제강"
"131390","피앤이솔루션"
"110570","넥솔론"
"080530","코디"
"007120","미래아이앤지"
"214680","디알텍"
"115310","인포바인"
"052290","트레이스"
"037230","한국팩키지"
"035290","에이원앤"
"010100","한국프랜지"
"204840","지엘팜텍"
"051780","큐로홀딩스"
"081580","성우전자"
"017370","우신시스템"
"052770","와이디온라인"
"004830","덕성"
"049550","잉크테크"
"072130","유엔젤"
"099830","씨그널엔터테인먼트그룹"
"101730","조이맥스"
"011560","세보엠이씨"
"009155","삼성전기우"
"037330","인지디스플레"
"066670","디스플레이텍"
"049800","우진플라임"
"119650","KC코트렐"
"011330","유니켐"
"036690","코맥스"
"096040","이트론"
"025530","SJM홀딩스"
"079190","EMW"
"050090","휘닉스소재"
"006140","피제이전자"
"049830","승일"
"119850","지엔씨에너지"
"137400","피엔티"
"083640","인콘"
"038070","서린바이오"
"900110","이스트아시아홀딩스"
"094820","일진파워"
"041930","동아화성"
"170030","현대공업"
"159910","MBK"
"032800","판타지오"
"032960","동일기연"
"113810","디젠스"
"033830","티비씨"
"177350","베셀"
"122690","서진오토모티브"
"023800","인지컨트롤스"
"176440","에이치엔티"
"005860","한일사료"
"001810","무림SP"
"051170","썬코어"
"065570","삼영이엔씨"
"03473K","SK우"
"005620","대성합동지주"
"187270","신화콘텍"
"032040","C&S자산관리"
"039310","세중"
"010470","오리콤"
"027040","서울전자통신"
"002200","수출포장"
"050120","라이브플렉스"
"005070","코스모신소재"
"045510","정원엔시스"
"025550","한국선재"
"001260","남광토건"
"120240","대정화금"
"134780","화진"
"090710","디에스티로봇"
"006880","신송홀딩스"
"150440","피노텍"
"065530","전파기지국"
"071850","캐스텍코리아"
"115500","케이씨에스"
"036170","씨티엘"
"044180","KD건설"
"006125","SK케미칼우"
"004100","태양금속"
"053260","금강철강"
"032940","원익"
"094170","동운아나텍"
"021040","대호피앤씨"
"016600","큐캐피탈"
"010040","한국내화"
"083660","CSA 코스믹"
"089850","유비벨록스"
"024880","케이피에프"
"221980","케이디켐"
"093320","케이아이엔엑스"
"033230","인성정보"
"105550","트루윈"
"009320","대우부품"
"097870","효성오앤비"
"208710","바이오로그디바이스"
"013810","스페코"
"001210","금호전기"
"011420","갤럭시아에스엠"
"053700","삼보모터스"
"007190","한솔아트원제지"
"024830","세원물산"
"060480","국일신동"
"091590","남화토건"
"082850","우리이티아이"
"003547","대신증권2우B"
"037070","파세코"
"079810","디이엔티"
"090730","SIMPAC METALLOY"
"123040","엠에스오토텍"
"014190","원익큐브"
"043340","에쎈테크"
"046390","삼화네트웍스"
"002720","국제약품"
"001840","이화공영"
"032080","아즈텍WB"
"154040","솔루에타"
"037440","희림"
"109860","동일금속"
"014910","성문전자"
"088790","진도"
"041020","인프라웨어"
"052900","KMH하이텍"
"004270","남성"
"036810","에프에스티"
"017480","삼현철강"
"004140","동방"
"090850","이지웰페어"
"017510","세명전기"
"176750","듀켐바이오"
"033200","모아텍"
"049120","파인디앤씨"
"192390","윈하이텍"
"053290","능률교육"
"004090","한국석유"
"039420","케이엘넷"
"018620","우진비앤지"
"053110","소리바다"
"066130","하츠"
"030270","에스마크"
"123750","알톤스포츠"
"096610","알에프세미"
"017000","신원종합개발"
"900130","웨이포트"
"147830","제룡산업"
"023810","인팩"
"039010","현대통신"
"007630","암니스"
"089530","에이티세미콘"
"067900","와이엔텍"
"032680","소프트센"
"065170","넥스트BT"
"078650","코렌"
"222980","한국맥널티"
"037370","EG"
"210120","빅텐츠"
"065560","큐브스"
"184230","SGA솔루션즈"
"011320","유니크"
"018680","서울제약"
"007610","선도전기"
"071970","STX중공업"
"000157","두산2우B"
"032540","TJ미디어"
"054090","삼진엘앤디"
"145210","세화아이엠씨"
"197210","리드"
"073490","이노와이어리스"
"080010","이상네트웍스"
"017650","대림제지"
"002760","보락"
"047920","씨트리"
"140520","대창스틸"
"054220","비츠로시스"
"033340","좋은사람들"
"066310","큐에스아이"
"021050","서원"
"229000","젠큐릭스"
"153490","우리이앤엘"
"004740","보루네오"
"096300","베트남개발1"
"114450","KPX생명과학"
"131180","딜리"
"036640","HRS"
"065420","에스아이리소스"
"000910","유니온"
"065350","신성델타테크"
"004590","한국가구"
"014570","고려제약"
"015590","대경기계"
"078130","국일제지"
"012340","뉴인텍"
"044960","이-글 벳"
"046940","우원개발"
"006740","영풍제지"
"054940","엑사이엔씨"
"038950","파인디지털"
"006050","국영지앤엠"
"031860","엔에스엔"
"191410","육일씨엔에쓰"
"075130","플랜티넷"
"042500","링네트"
"106520","디지탈옵틱"
"220250","카이노스메드"
"024070","WISCOM"
"002690","동일제강"
"026940","부국철강"
"214330","금호에이치티"
"013000","세우글로벌"
"126870","뉴로스"
"090080","평화산업"
"228760","지노믹트리"
"145270","케이탑리츠"
"023350","한국종합기술"
"072990","에이치시티"
"078600","대주전자재료"
"001560","제일연마"
"101240","씨큐브"
"050960","수산아이앤티"
"174880","장원테크"
"196450","온다 엔터테인먼트"
"083450","GST"
"053050","지에스이"
"046120","오르비텍"
"031310","아이즈비전"
"138070","신진에스엠"
"045060","오공"
"089150","케이씨티"
"068940","아이씨케이"
"078935","GS우"
"009460","한창제지"
"003580","동원"
"058220","아리온"
"063440","에프엔씨애드컬쳐"
"001290","골든브릿지증권"
"056360","코위버"
"126640","화신정공"
"009730","코센"
"045660","에이텍"
"182360","큐브엔터"
"052670","제일바이오"
"050860","아세아텍"
"008420","문배철강"
"001000","신라섬유"
"019010","그랜드백화점"
"006890","태경화학"
"148140","비디아이"
"101000","디엠씨"
"002410","범양건영"
"010170","대한광통신"
"126880","제이엔케이히터"
"057680","옴니텔"
"011080","형지I&C"
"208140","정다운"
"051490","나라엠앤디"
"038110","에코플라스틱"
"085910","네오티스"
"085670","뉴프렉스"
"069330","유아이디"
"009810","고려포리머"
"054410","케이피티"
"001470","삼부토건"
"237720","케이엠제약"
"237750","피앤씨테크"
"062860","티엘아이"
"094970","제이엠티"
"046110","한일네트웍스"
"136510","쎄미시스코"
"039790","위노바"
"175140","인포마크"
"015540","핫텍"
"177830","파버나인"
"064820","케이프"
"220180","핸디소프트"
"002290","삼일기업공사"
"030790","동양네트웍스"
"023150","MH에탄올"
"086670","비엠티"
"060230","이그잭스"
"065710","서호전기"
"246690","티에스인베스트먼트"
"002070","남영비비안"
"005420","코스모화학"
"024900","덕양산업"
"108675","LG하우시스우"
"008370","원풍"
"025950","동신건설"
"001550","조비"
"115610","이미지스"
"033100","제룡전기"
"073070","넥센테크"
"139050","경봉"
"221610","한솔씨앤피"
"138360","에이씨티"
"005820","원림"
"196300","애니젠"
"035460","기산텔레콤"
"000760","이화산업"
"083550","케이엠"
"042600","새로닉스"
"102210","해덕파워웨이"
"090740","연이정보통신"
"067730","로지시스"
"123570","이엠넷"
"134580","디엠티"
"003720","삼영화학"
"078940","일경산업개발"
"038010","제일테크노스"
"001275","부국증권우"
"023460","CNH"
"069540","빛과전자"
"203400","에이비온"
"024840","갑을메탈"
"090370","아비스타"
"065690","대진디엠피"
"006580","대양제지"
"203450","유니온커뮤니티"
"000220","유유제약"
"053950","경남제약"
"041190","우리기술투자"
"217950","바이오씨앤디"
"208350","지란지교시큐리티"
"045890","동부라이텍"
"079000","와토스코리아"
"099220","SDN"
"065500","오리엔트정공"
"093520","매커스"
"238120","로고스바이오"
"027970","세하"
"200470","하이셈"
"098120","마이크로컨텍솔"
"032820","우리기술"
"203650","드림시큐리티"
"052460","아이크래프트"
"171010","램테크놀러지"
"036120","SCI평가정보"
"019570","제미니투자"
"003780","진양산업"
"010770","평화홀딩스"
"195440","퓨전데이타"
"036480","대성미생물"
"082800","루미마이크로"
"208860","엔지스테크널러지"
"044060","조광ILI"
"086060","진바이오텍"
"032580","피델릭스"
"002220","한일철강"
"043910","자연과환경"
"074610","이엔쓰리"
"002710","TCC동양"
"011390","부산산업"
"033310","디케이디앤아이"
"007370","진양제약"
"104460","동양피엔에프"
"057880","토필드"
"005670","푸드웰"
"08537M","루트로닉3우C"
"189690","포시에스"
"150840","인트로메딕"
"219750","지티지웰니스"
"217820","엔에스"
"060540","에스에이티"
"220100","퓨쳐켐"
"036260","이매진아시아"
"056000","신스타임즈"
"002680","한탑"
"213090","미래테크놀로지"
"087220","스틸플라워"
"071950","코아스"
"106080","하이소닉"
"205290","케미메디"
"039240","경남스틸"
"031820","콤텍시스템"
"212560","네오오토"
"032860","GMR 머티리얼즈"
"008470","부스타"
"072520","태양씨앤엘"
"043590","크로바하이텍"
"131220","대한과학"
"003010","혜인"
"170790","파이오링크"
"124500","아이티센"
"010660","화천기계"
"020120","다우인큐브"
"050760","에스폴리텍"
"090410","덕신하우징"
"003465","유화증권우"
"229480","줌인터넷"
"019590","엠벤처투자"
"039670","스포츠서울"
"115570","스타플렉스"
"044480","유니더스"
"028040","스페로 글로벌"
"005320","국동"
"007770","한일화학"
"052600","한네트"
"011300","성안"
"051390","YW"
"200710","에이디테크놀로지"
"070590","한솔인티큐브"
"015020","이스타코"
"115480","씨유메디칼"
"013700","까뮤이앤씨"
"187790","나노"
"073190","디비케이"
"010580","지코"
"053270","구영테크"
"010420","한솔PNS"
"234070","에이원알폼"
"224110","에이텍티앤"
"021880","메이슨캐피탈"
"093230","이아이디"
"131400","액트"
"004410","서울식품"
"066430","와이오엠"
"097800","윈팩"
"039740","한국정보공학"
"052190","이에스에이"
"109820","진매트릭스"
"119500","포메탈"
"006920","모헨즈"
"067920","이글루시큐리티"
"100660","서암기계공업"
"000950","전방"
"214610","나노바이오시스"
"008110","대동전자"
"076080","웰크론한텍"
"141020","포티스"
"150900","파수닷컴"
"025880","케이씨피드"
"128660","피제이메탈"
"065440","이루온"
"037400","우리조명"
"094190","이엘케이"
"024060","흥구석유"
"122800","썬텍"
"241520","DSC인베스트먼트"
"214870","에치디프로"
"033430","코리드"
"109070","KGP"
"094860","코닉글로리"
"141070","맥스로텍"
"241510","이에스산업"
"039020","이건창호"
"009190","대양금속"
"196700","웹스"
"123260","사파이어테크놀로지"
"052860","아이앤씨"
"092300","현우산업"
"054920","한컴시큐어"
"082660","삼우엠스"
"081150","티플랙스"
"033050","제이엠아이"
"000520","삼일제약"
"088290","이원컴포텍"
"012620","원일특강"
"067010","이씨에스"
"068050","팬엔터테인먼트"
"026150","특수건설"
"105740","디케이락"
"078350","한양디지텍"
"019990","에너토크"
"069460","대호에이엘"
"105330","케이엔더블유"
"013360","일성건설"
"091580","상신이디피"
"036620","버추얼텍"
"032980","바이온"
"009180","한솔로지스틱스"
"032750","삼진"
"048830","엔피케이"
"138610","나이벡"
"007460","나라케이아이씨"
"043360","디지아이"
"071090","하이스틸"
"038530","코아크로스"
"053160","프리엠스"
"101160","월덱스"
"101930","인화정공"
"155900","바다로19호"
"039610","화성"
"046970","우리로"
"006110","삼아알미늄"
"091340","S&K폴리텍"
"003680","한성기업"
"032280","삼일"
"047440","레이젠"
"024740","한일단조"
"250300","제이에스피브이"
"073540","에프알텍"
"026260","보타바이오"
"072770","네오디안테크놀로지"
"217190","제너셈"
"114190","웰크론강원"
"154030","아시아종묘"
"060900","퍼시픽바이오"
"064290","인텍플러스"
"054930","유신"
"086830","신양오라컴"
"058450","일야"
"053660","현진소재"
"101400","네오피델리티"
"033790","서화정보통신"
"054300","팬스타엔터프라이즈"
"093640","다믈멀티미디어"
"005255","녹십자홀딩스1우"
"134790","팀스"
"006200","한국전자홀딩스"
"054180","중앙오션"
"070300","솔라시아"
"023790","동일철강"
"005030","부산주공"
"048470","대동스틸"
"192410","감마누"
"059120","아진엑스텍"
"090150","광진윈텍"
"115440","우리넷"
"153460","네이블"
"051630","진양화학"
"101140","아티스"
"182690","테라셈"
"075970","동국알앤에스"
"000440","중앙에너비스"
"025890","한국주강"
"016920","카스"
"085980","세화피앤씨"
"101670","코리아에스이"
"204690","다린"
"021650","한국큐빅"
"035200","프럼파스트"
"056730","포스링크"
"194610","우성아이비"
"094940","푸른기술"
"045520","크린앤사이언스"
"013720","청보산업"
"139670","넥스트리밍"
"093380","풍강"
"038340","리젠"
"100030","모바일리더"
"003925","남양유업우"
"060380","동양에스텍"
"001420","태원물산"
"051980","넥스트바이오홀딩스"
"029480","바른테크놀로지"
"064090","한양하이타오"
"007280","한국특수형강"
"219130","타이거일렉"
"206950","볼빅"
"058370","금성테크"
"183350","엘피케이"
"077280","한컴지엠디"
"030720","동원수산"
"012600","청호컴넷"
"023440","제일제강"
"019180","티에이치엔"
"000105","유한양행우"
"005450","신한"
"121850","코이즈"
"222810","닉스테크"
"080440","세진전자"
"004920","씨아이테크"
"130740","티피씨글로벌"
"058110","멕아이씨에스"
"009470","삼화전기"
"043260","성호전자"
"148250","알엔투테크놀로지"
"127120","디엔에이링크"
"049720","고려신용정보"
"054340","엔알케이"
"189860","서전기전"
"226610","한국비엔씨"
"001465","BYC우"
"072950","빛샘전자"
"204210","모두투어리츠"
"109080","옵티시스"
"010240","흥국"
"131090","시큐브"
"026910","광진실업"
"101680","한국정밀기계"
"065770","CS"
"140890","트러스제7호"
"073010","케이에스피"
"099520","ITX엠투엠"
"080580","오킨스전자"
"238500","로보쓰리"
"054630","에이디칩스"
"009620","삼보산업"
"230980","솔트웍스"
"089790","제이티"
"232140","대신밸런스제2호스팩"
"103230","에스앤더블류"
"008500","일정실업"
"215050","비엔디생활건강"
"200580","메디쎄이"
"131100","리켐"
"236340","메디젠휴먼케어"
"002355","넥센타이어1우B"
"119830","아이텍반도체"
"158310","인터불스"
"033250","체시스"
"079170","한창산업"
"045300","성우테크론"
"007530","영신금속"
"051380","피씨디렉트"
"096350","대창솔루션"
"044780","에이치케이"
"217880","틸론"
"232680","라온테크"
"221800","유투바이오"
"019490","하이트론"
"078590","두올산업"
"002870","신풍제지"
"025870","신라에스지"
"098660","에스티오"
"134060","이퓨쳐"
"121890","에스디시스템"
"009140","경인전자"
"080470","성창오토텍"
"050320","에스아이티글로벌"
"172580","하이골드12호"
"010600","와이비로드"
"023770","플레이위드"
"099410","동방선기"
"044990","에이치엔에스하이텍"
"130500","GH신소재"
"023960","에쓰씨엔지니어링"
"001770","신화실업"
"081970","한솔넥스지"
"099340","하나니켈1호"
"024940","PN풍년"
"256090","패션플랫폼"
"002420","세기상사"
"153360","하이골드3호"
"127160","매직마이크로"
"232290","SGA시스템즈"
"208850","이비테크"
"067770","세진티에스"
"256940","케이피에스"
"003475","유안타증권우"
"086250","화신테크"
"091440","텔레필드"
"227420","오백볼트"
"004365","세방우"
"246250","에스엘에스"
"135160","지오씨"
"042940","르네코"
"008775","호텔신라우"
"167380","나무기술"
"096870","엘디티"
"123010","옵토팩"
"073570","에이티테크놀러지"
"224810","엄지하우스"
"212310","디오메디칼"
"087730","네패스신소재"
"069140","누리플랜"
"178600","대동고려삼"
"058420","제이웨이"
"232270","케이비제9호스팩"
"011230","삼화전자"
"053060","세동"
"051160","지어소프트"
"024850","피에스엠씨"
"225850","미애부"
"045340","토탈소프트"
"202960","판도라티비"
"008830","대동기어"
"233190","미래자원엠엘"
"089890","고려반도체"
"002025","코오롱우"
"232360","아스팩오일"
"156170","비앤에스미디어"
"010640","진양폴리"
"243870","굿센"
"086220","네추럴FNP"
"228180","한국티씨엠"
"073640","삼원테크"
"115530","씨엔플러스"
"258250","피시피아비아이티"
"001140","국보"
"186230","그린플러스"
"253840","수젠텍"
"242420","본느"
"066830","제노텍"
"062580","인산가"
"116100","태양기계"
"199870","세기리텍"
"224760","엔에스컴퍼니"
"033600","이젠텍"
"058970","엠로"
"140290","청광종건"
"064850","에프앤가이드"
"158300","에스에이티이엔지"
"246830","시냅스엠"
"036500","에스에스컴텍"
"191600","티케이씨"
"222670","플럼라인생명과학"
"258540","스템랩"
"222390","케이비제8호스팩"
"242350","피엔아이시스템"
"000087","하이트진로2우B"
"159650","하이골드8호"
"020400","대동금속"
"226850","키움스팩4호"
"199290","바이오프로테크"
"140910","광희리츠"
"145995","삼양사우"
"226400","오스테오닉"
"232830","시큐센"
"095300","세한엔에스브이"
"005745","크라운제우"
"076340","관악산업"
"215570","크로넥스"
"225220","제놀루션"
"005257","녹십자홀딩스2우"
"052270","우전"
"225570","엔에이치스팩9호"
"232530","이엠티"
"197140","디지캡"
"000075","삼양홀딩스우"
"001685","대상우"
"240340","인터코스"
"239890","피엔에이치테크"
"107640","한중엔시에스"
"235090","씨케이컴퍼니"
"005725","넥센우"
"230240","하나금융7호스팩"
"004135","대덕GDS우"
"004255","NPC우"
"251280","안지오랩"
"112190","KC산업"
"009835","한화케미칼우"
"227950","골든브릿지제4호스팩"
"217620","한화ACPC스팩"
"189700","디피앤케이"
"004105","태양금속우"
"198440","엔에이치스팩3호"
"092590","럭스피아"
"215790","엔에이치스팩5호"
"242040","교보비엔케이스팩"
"219860","한화에이스스팩2호"
"251960","엠에프엠코리아"
"217600","이베스트스팩2호"
"194860","SY이노베이션"
"126340","비나텍"
"260970","에스앤디"
"120780","전우정밀"
"101360","이엔드디"
"218410","엔에이치스팩8호"
"221950","현대드림3호스팩"
"007815","코리아써우"
"256840","엔에이치스팩11호"
"224020","에스케이씨에스"
"221200","유진스팩3호"
"086460","에스엔피제네틱스"
"218710","키움스팩3호"
"199150","데이터스트림즈"
"220110","드림티엔터테인먼트"
"003495","대한항공우"
"250060","하나금융8호스팩"
"219960","유안타제2호스팩"
"226340","에이치엠씨3호스팩"
"219550","SK2호스팩"
"083590","아시아12호"
"083580","아시아11호"
"083570","아시아10호"
"083600","아시아13호"
"215750","미래에셋제3호스팩"
"234100","세원"
"204620","유안타제1호스팩"
"198940","한주금속"
"219420","링크제니시스"
"204440","대우스팩2호"
"021045","대호피앤씨우"
"173130","오파스넷"
"205470","하이제2호스팩"
"200350","래몽래인"
"003535","한화투자증권우"
"114920","대주이엔티"
"204760","현대에이블스팩1호"
"204650","케이티비스팩1호"
"215380","한화MGI스팩"
"215090","유진에이씨피씨스팩2호"
"214150","케이티비스팩2호"
"207930","SK1호스팩"
"240540","한국4호스팩"
"007575","일양약품우"
"215580","대우스팩3호"
"223040","교보5호스팩"
"252500","IBKS지엠비스팩"
"217320","썬테크"
"245450","씨앤에스링크"
"226360","현대드림4호스팩"
"245030","스페이스솔루션"
"230490","동부제4호스팩"
"250930","케이비제10호스팩"
"121060","유니포인트"
"225590","신영스팩2호"
"189350","코셋"
"083620","아시아15호"
"230400","자비스"
"083610","아시아14호"
"165270","금오하이텍"
"002005","한국유리우"
"219580","골든브릿지제3호스팩"
"239340","미래에셋제5호스팩"
"235010","하이에이아이1호스팩"
"148780","비플라이소프트"
"217810","엔에이치스팩7호"
"136660","큐엠씨"
"217500","하이제3호스팩"
"225430","IBKS제3호스팩"
"254120","IBKS제5호스팩"
"001515","SK증권우"
"222160","바이옵트로"
"252370","유쎌"
"103660","씨앗"
"000885","한화우"
"001525","동양우"
"226440","동부스팩3호"
"019175","신풍제약우"
"009415","태영건설우"
"225440","이베스트스팩3호"
"001795","대한제당우"
"206660","골든브릿지제2호스팩"
"014915","성문전자우"
"211050","인카금융서비스"
"247300","인프라웨어테크놀러지"
"014825","동원시스템즈우"
"215480","대우SBI스팩1호"
"083390","동북아14호"
"006345","대원전선우"
"083380","동북아13호"
"223220","구름컴퍼니"
"083360","동북아11호"
"083350","동북아10호"
"232330","SK3호스팩"
"083370","동북아12호"
"004545","깨끗한나라우"
"149010","아이케이세미콘"
"218150","하나머스트5호스팩"
"000225","유유제약1우"
"138290","지성이씨에스"
"140660","위월드"
"220260","케이프이에스스팩"
"084695","대상홀딩스우"
"001745","SK네트웍스우"
"001689","대상3우B"
"185190","수프로"
"091270","유디피"
"215100","하나머스트4호스팩"
"012205","계양전기우"
"011155","CJ씨푸드1우"
"004565","현대비앤지스틸우"
"179720","옐로페이"
"135270","세종머티리얼즈"
"18064K","한진칼우"
"002995","금호산업우"
"010145","삼성중공우"
"207720","엔에이치SL스팩"
"000725","현대건설우"
"252940","에스엠로보틱스"
"000145","하이트진로홀딩스우"
"014285","금강공업우"
"060910","프리젠"
"208870","하나머스트3호스팩"
"016385","동부제철우"
"189330","씨이랩"
"260490","캐로스"
"099350","하나니켈2호"
"090970","코리아01호"
"005965","동부건설우"
"00781K","코리아써키트2우B"
"003415","쌍용양회우"
"001755","한양증권우"
"004835","덕성우"
"001527","동양2우B"
"090355","노루페인트우"
"003075","코오롱글로벌우"
"001065","JW중외제약우"
"004985","성신양회우"
"000995","동부하이텍1우"
"007197","한솔아트원제지2우B"
"001067","JW중외제약2우B"
"244880","나눔테크"
"004415","서울식품우"
"210610","소프트캠프"
"084440","유비온"
"032685","소프트센우"
"000545","흥국화재우"
"002785","진흥기업우B"
"000325","노루홀딩스우"
"000547","흥국화재2우B"
"013367","일성건설2우B"
"008355","남선알미우"
"001799","대한제당3우B"
"144740","피엠디아카데미"
"003419","쌍용양회3우B"
"242850","영현무역"
"004989","성신양회3우B"
"090980","코리아02호"
"189540","씨티네트웍스"
"002787","진흥기업2우B"
"000227","유유제약2우B"
"001529","동양3우B"
"183410","데카시스템"
"091000","코리아04호"
"090990","코리아03호"
"208890","에듀케이션파트너"
"009275","신원우"
"004987","성신양회2우B"
"000327","노루홀딩스2우B"
"110660","세신버팔로"
